Date,Category,Payment_Mode,Description,Amount_Paid,Cashback
7/5/2024,Food,Credit Card,Thing field age.,495.29,1.29
7/27/2024,Entertainment,Debit Card,Mother environment available yet data.,279.09,17.53
5/22/2024,Transportation,Debit Card,Realize name car certain result which.,442.73,15.06
11/19/2024,Miscellaneous,NetBanking,Threat receive move race.,62.16,7.74
2/5/2024,Groceries,Credit Card,Perform husband approach.,479.77,8.33
3/28/2024,Bills,NetBanking,Attention include amount class recently yes.,350.59,0
7/13/2024,Bills,Credit Card,Brother goal person.,17.16,1.21
5/30/2024,Bills,Credit Card,Financial traditional quality happen among.,377.23,0
10/30/2024,Entertainment,Debit Card,Something much attack.,51.51,0
11/13/2024,Groceries,Cash,Give teach look cut.,385.49,2.9
3/10/2024,Bills,UPI,Direction budget kitchen process.,267.8,0
11/4/2024,Subscriptions,NetBanking,Popular tough back.,310.95,15.76
2/10/2024,Entertainment,Debit Card,Parent get difficult camera.,105.86,0
8/22/2024,Transportation,Debit Card,Finally live school green interesting sport.,281.19,15.46
1/1/2024,Bills,Cash,Simply language color.,362.5,19.1
11/13/2024,Subscriptions,Debit Card,Always central street four your bad.,371.42,0
7/1/2024,Miscellaneous,UPI,Remain travel reality.,136.65,9.08
4/14/2024,Groceries,Debit Card,Health common everything knowledge.,268.72,17.66
12/2/2024,Groceries,Credit Card,Pay hundred hundred rich social.,221.48,7.36
8/5/2024,Entertainment,Cash,Strategy you director result such small.,42.01,16.2
4/12/2024,Food,UPI,Trouble federal could culture.,232.61,16.77
1/18/2024,Entertainment,Debit Card,Safe at worry place executive citizen.,415.46,0
6/25/2024,Food,NetBanking,Little movement southern information hand.,467.21,0
8/27/2024,Entertainment,Cash,Service take nearly.,354.96,0
12/25/2024,Groceries,Cash,Discover race administration.,161.97,11.22
9/26/2024,Bills,Debit Card,Administration clearly wide up such left.,212.06,0
5/19/2024,Entertainment,NetBanking,Account may include.,451.55,0
2/18/2024,Miscellaneous,Debit Card,Party south improve I over speak.,92.09,8.43
9/11/2024,Bills,Cash,Owner force husband measure situation.,49.12,0
1/7/2024,Food,Credit Card,Who sister something determine career.,207.57,12.38
7/3/2024,Groceries,NetBanking,Report concern system guess such.,223.22,0
2/20/2024,Entertainment,Debit Card,Financial say reduce light color be.,314.69,1.52
2/17/2024,Food,Debit Card,A near understand practice once simple.,232.37,9.85
6/6/2024,Entertainment,NetBanking,Standard bag require.,367.99,0.54
8/10/2024,Groceries,Debit Card,Herself term relationship of now.,403.1,3.53
1/1/2024,Food,NetBanking,Far agreement or sing.,210.78,1.34
7/5/2024,Bills,UPI,White partner none.,360.68,5.13
2/26/2024,Groceries,UPI,Various away street.,20.88,5.34
2/6/2024,Entertainment,UPI,Worker hotel rich.,27.98,0
3/18/2024,Subscriptions,UPI,Seat bank so.,155.7,0
7/30/2024,Groceries,Credit Card,Produce actually power.,76.37,0
6/24/2024,Groceries,NetBanking,Daughter must poor.,479.55,0
5/28/2024,Miscellaneous,UPI,Movie current business program manager.,496.7,2.64
1/24/2024,Entertainment,UPI,Have hard kitchen investment at during.,110.56,7.8
1/15/2024,Groceries,Cash,Management response mouth worker.,65.26,0
7/8/2024,Miscellaneous,NetBanking,Itself language price executive send.,159.52,13.98
6/2/2024,Transportation,NetBanking,Congress bar throughout tough stage easy.,58.66,0
2/22/2024,Transportation,UPI,Front capital success.,51.77,0
4/11/2024,Entertainment,Cash,Hear yes common past.,226.69,5.92
1/7/2024,Entertainment,NetBanking,Conference occur huge board popular.,271.22,0
10/13/2024,Transportation,Credit Card,Summer suddenly real.,128.35,0
12/24/2024,Food,NetBanking,Up serve month strong.,444.84,0
2/4/2024,Subscriptions,UPI,Within itself thank continue war.,47.85,12.05
12/19/2024,Groceries,Credit Card,Marriage training lose successful.,134.36,0
6/20/2024,Entertainment,Debit Card,Join board either grow.,153.34,0
8/14/2024,Subscriptions,Cash,Book eye set thank performance choice.,397.72,19.43
11/12/2024,Entertainment,NetBanking,Couple start wind.,102.26,6.8
9/5/2024,Miscellaneous,Credit Card,Measure risk program item site region.,145.66,0
3/17/2024,Miscellaneous,UPI,Around according act religious very everybody.,42.44,0
12/19/2024,Subscriptions,Debit Card,Artist want participant international.,114.62,13.06
1/21/2024,Entertainment,Debit Card,True art drive.,373.99,4.05
8/1/2024,Entertainment,Cash,Herself senior represent space.,35.38,10.2
7/1/2024,Food,NetBanking,Up well citizen.,78.2,0
12/9/2024,Bills,NetBanking,Statement white property together.,485.59,0
12/18/2024,Miscellaneous,UPI,If item bar rest.,250.27,18.89
1/23/2024,Groceries,UPI,Charge treatment crime shoulder.,372.22,0
8/3/2024,Miscellaneous,Debit Card,Tax month ten strategy free.,382.62,0
11/17/2024,Bills,Debit Card,Among term realize finish.,471.8,0
5/11/2024,Groceries,Debit Card,Six agreement girl safe scientist explain.,152.06,14.03
2/13/2024,Miscellaneous,Debit Card,Site him agency side century.,86.6,13.3
9/8/2024,Miscellaneous,UPI,Material office environment.,81.33,18.06
3/6/2024,Entertainment,Credit Card,Agent bed kid difference who.,377.21,9.31
4/29/2024,Food,NetBanking,Similar table try product training.,389.15,0
10/13/2024,Entertainment,Debit Card,Official stuff fly more.,177.47,0
4/30/2024,Bills,Debit Card,Since clearly even too someone.,208.38,7.91
12/25/2024,Bills,Credit Card,Little memory hospital.,101.2,15.75
2/4/2024,Entertainment,Cash,Community try sell talk police seat.,191.27,0
5/21/2024,Groceries,UPI,Opportunity political rest consumer fill.,447.58,0
11/15/2024,Miscellaneous,UPI,Late finally per condition crime.,305.65,10.58
12/5/2024,Bills,Cash,Sort customer your meet church eat.,176.88,15.93
2/11/2024,Food,UPI,Check three clearly success school add.,380.16,2.75
1/26/2024,Transportation,Cash,Best themselves water cause home.,242.69,7.25
7/29/2024,Food,Cash,Treatment respond tonight.,248.18,0
2/2/2024,Bills,Debit Card,Debate level up threat baby instead.,269.72,0
3/29/2024,Groceries,NetBanking,Notice good young represent.,78.42,0
10/30/2024,Subscriptions,Debit Card,During respond get reason.,135.1,0
4/6/2024,Groceries,Credit Card,Say wall never east kind.,279.17,19.01
1/22/2024,Miscellaneous,Credit Card,Event maintain town.,449.15,2.97
6/1/2024,Entertainment,Debit Card,Guy staff spring.,252.55,0
7/3/2024,Transportation,Credit Card,Think card development size.,308.65,0
10/25/2024,Bills,UPI,Us high join thought notice threat.,183.73,2.34
9/5/2024,Food,Credit Card,Structure most century firm.,141.23,0
9/29/2024,Groceries,UPI,So group maybe buy information.,370.52,0
11/22/2024,Miscellaneous,UPI,Where anyone church way he environmental.,316.38,0
1/9/2024,Subscriptions,NetBanking,Miss sign of hotel forget police.,265.06,3.26
1/19/2024,Bills,NetBanking,Meeting home meeting forget.,344.71,0
9/19/2024,Transportation,Cash,Reach dinner interest election check.,151.96,0
8/2/2024,Subscriptions,Debit Card,Life support market future town trouble.,491.26,5.02
11/29/2024,Entertainment,Debit Card,Beat remain story another.,339.32,17.72
12/14/2024,Groceries,UPI,If space write education plant.,445.14,0
12/8/2024,Food,Credit Card,Relate news and without already.,310.52,0
3/8/2024,Transportation,UPI,Season my guy.,210.94,5.92
1/18/2024,Miscellaneous,NetBanking,Under event each consider throw arm.,468.94,3.27
3/25/2024,Bills,Debit Card,Expect what be effort entire.,158.07,16.9
1/14/2024,Groceries,NetBanking,Foreign region region.,44.98,0
7/2/2024,Subscriptions,Credit Card,Trade speak north act probably hard.,405.12,0
4/29/2024,Subscriptions,Credit Card,Police note cell.,428.36,0
8/20/2024,Food,UPI,Public strong test evening most fall.,362.25,4.35
2/9/2024,Entertainment,UPI,Training cold style reason size.,422.97,0
2/9/2024,Transportation,NetBanking,Two doctor another debate serve.,453.05,0
12/11/2024,Food,NetBanking,Realize his people.,225.43,8.71
4/27/2024,Bills,Credit Card,Ask keep general whom who measure.,136.28,14.74
11/15/2024,Food,NetBanking,Themselves important might bank.,377.81,0
12/9/2024,Transportation,NetBanking,Ten in change current six.,180.84,0
2/12/2024,Subscriptions,Cash,Pay six relate.,480.35,2.46
1/22/2024,Miscellaneous,Cash,Would officer everybody.,379.85,18.69
11/17/2024,Entertainment,UPI,Article now measure toward.,382.52,0
10/27/2024,Bills,UPI,Often economy heavy.,207.45,0
6/16/2024,Transportation,Credit Card,Interview treat weight alone environmental someone.,177.48,4.19
10/31/2024,Transportation,Cash,Cell relationship Democrat.,184.76,6.55
10/14/2024,Entertainment,NetBanking,Door mean spend.,37.21,13.05
4/21/2024,Groceries,Credit Card,Parent charge follow ground.,265.3,0
12/21/2024,Groceries,UPI,Eye respond myself total possible return.,67.19,0
12/4/2024,Miscellaneous,Debit Card,Good prove until require.,490.99,11
8/30/2024,Groceries,Credit Card,Walk physical forget more.,346.48,3.6
2/8/2024,Subscriptions,Debit Card,Need add amount relate process start.,158.57,0
1/5/2024,Entertainment,Cash,Far yard safe ten north.,313.65,0
4/11/2024,Groceries,Debit Card,Despite fill policy interest agent.,295.84,10.45
1/27/2024,Transportation,UPI,Last lose themselves these read.,409.79,0
11/21/2024,Groceries,Credit Card,Animal understand American.,54.51,1.95
3/31/2024,Food,Credit Card,Ok try bring me training resource.,200.86,0
8/31/2024,Bills,NetBanking,High effect between myself.,144.15,0
7/24/2024,Transportation,Cash,Bring degree direction real song.,434.61,4.21
4/20/2024,Entertainment,NetBanking,Meeting evening method region.,480.4,12.61
7/31/2024,Bills,NetBanking,Speech simply occur gas.,215.98,0
8/2/2024,Subscriptions,NetBanking,Western stock draw Congress.,92.79,0
5/7/2024,Transportation,Credit Card,Tax law ask practice between.,136.15,0
11/14/2024,Transportation,UPI,Audience different other community above ground.,301.38,0
5/5/2024,Entertainment,Cash,Election sense nice public.,298.47,0
4/14/2024,Miscellaneous,Debit Card,Team kitchen state.,226.18,7.31
11/15/2024,Bills,UPI,Community able strong through movement.,214.1,11.11
9/4/2024,Miscellaneous,Debit Card,Entire city high mouth how.,355.38,16.24
10/29/2024,Groceries,Credit Card,Professor apply top.,126.99,0.07
9/5/2024,Groceries,UPI,Education bar eye actually learn discover less.,419.26,7.6
9/8/2024,Miscellaneous,Credit Card,Live fill five money.,494.6,0
1/22/2024,Groceries,Credit Card,Couple everyone friend reflect usually reason.,460.24,0
5/31/2024,Food,Credit Card,Unit three prove per.,285.73,0
5/1/2024,Entertainment,Cash,Boy mother operation.,149.59,0
7/2/2024,Bills,Debit Card,Cultural wear respond since.,380.4,19.54
5/1/2024,Food,Debit Card,Understand price perform.,490.84,0
6/13/2024,Groceries,NetBanking,Financial conference one section above.,310.65,0
12/17/2024,Food,Credit Card,Improve control meet interesting bill technology which.,227.14,0
12/18/2024,Groceries,Debit Card,Face mission training.,358.99,0
4/17/2024,Entertainment,NetBanking,Vote there woman.,384.57,0
11/23/2024,Bills,Credit Card,Lawyer you today.,267.55,0
11/16/2024,Transportation,Debit Card,Detail thought Republican.,485.01,11.22
5/21/2024,Transportation,Debit Card,Above body nor.,234.26,0.29
5/25/2024,Food,Credit Card,Lawyer despite stand interview.,180.03,0
7/25/2024,Miscellaneous,Cash,New determine student act none herself.,318.63,0
7/11/2024,Miscellaneous,NetBanking,Everybody good court charge TV.,303.36,0
3/1/2024,Groceries,Credit Card,Very line little.,279.3,1.05
9/28/2024,Groceries,Cash,Interview fall campaign.,479.7,3.84
1/22/2024,Bills,Debit Card,Win language leader behind.,278.38,0
10/16/2024,Groceries,Cash,Debate security security.,452.33,0
1/29/2024,Bills,NetBanking,Remember would ok.,303.3,19.77
1/17/2024,Subscriptions,Credit Card,Point learn many offer during which.,288.27,0
10/23/2024,Transportation,Debit Card,Meet action past.,185.93,0
4/14/2024,Subscriptions,Credit Card,Policy not performance all.,283.3,0
2/13/2024,Entertainment,Credit Card,Receive left number include.,441.96,6.39
1/4/2024,Bills,NetBanking,Network something choice while.,159,9
2/19/2024,Miscellaneous,Credit Card,Someone evening late great become.,176.36,19.91
1/7/2024,Food,NetBanking,During could near.,307.5,0
5/1/2024,Entertainment,Cash,Responsibility represent travel of election ground.,364.46,18.79
7/30/2024,Food,UPI,Bar reach of.,247.13,15.47
4/11/2024,Transportation,UPI,Someone trial consider bit attack.,127.64,0
1/20/2024,Bills,UPI,College like brother Democrat put.,194.58,0
6/22/2024,Entertainment,Credit Card,Tend tonight might.,148.36,0
1/3/2024,Food,NetBanking,Entire these goal hit car.,216.75,7.86
1/21/2024,Miscellaneous,Credit Card,Traditional tend ahead education write record.,27.72,0
9/28/2024,Groceries,Credit Card,Among pass far contain.,281.11,14.26
2/7/2024,Entertainment,Debit Card,Raise skin surface street because one.,84.43,0
3/14/2024,Entertainment,Credit Card,Ready Mr commercial far would list.,16.81,16.46
5/27/2024,Food,Credit Card,Strong painting day effort fly practice.,92.44,0
3/27/2024,Miscellaneous,UPI,Dark music character from be mouth.,214.16,0
4/12/2024,Entertainment,NetBanking,Too hear company.,254.34,0
4/25/2024,Subscriptions,UPI,Ahead drive money most.,248.16,9.02
2/24/2024,Entertainment,Credit Card,Wind good gas form.,308.52,0
9/8/2024,Subscriptions,UPI,Nature little relationship.,255.76,0
1/24/2024,Subscriptions,Debit Card,Idea first morning individual.,243.31,0
9/1/2024,Subscriptions,Cash,Range friend military available individual.,82.31,0
5/20/2024,Transportation,NetBanking,Necessary senior another second child.,279.34,0
8/28/2024,Food,UPI,Pay fund capital so.,233.52,0
10/26/2024,Groceries,NetBanking,Nearly always edge break low.,376.65,0.16
11/14/2024,Subscriptions,Debit Card,Cost painting scene.,166.61,0
8/8/2024,Transportation,Credit Card,Common left yet major population new.,420.84,0
8/28/2024,Miscellaneous,NetBanking,Tend law half pattern quickly adult head.,415.91,0
6/20/2024,Groceries,Credit Card,Carry size dinner.,484.32,0
7/29/2024,Transportation,Cash,Partner suddenly career catch pattern.,69.99,0
11/11/2024,Miscellaneous,Debit Card,Worker money student left.,29.62,18.49
12/2/2024,Bills,Debit Card,Subject pass play magazine.,378.94,0
10/27/2024,Miscellaneous,NetBanking,Leave fact future situation.,410.5,0
10/17/2024,Subscriptions,Credit Card,Appear page former car fire office.,355.91,0
4/26/2024,Entertainment,NetBanking,Eat without argue analysis.,71.97,0.74
4/20/2024,Groceries,UPI,Return fight church what.,196.15,18.33
8/1/2024,Transportation,Debit Card,Government source food senior.,214.19,0
9/9/2024,Subscriptions,Debit Card,Hospital course much increase huge.,198.87,3.47
4/3/2024,Groceries,Cash,Another day recent.,494.79,10.15
1/2/2024,Food,UPI,Relationship out deep industry make western beautiful.,214.1,0
11/8/2024,Food,Cash,Such great nice concern.,253.79,5.45
3/14/2024,Bills,Cash,Big eight behavior safe clearly.,206.33,0
7/11/2024,Bills,NetBanking,Culture really life ball save.,280.39,13.47
1/24/2024,Entertainment,Cash,Particular building suddenly.,199.52,0
8/9/2024,Food,NetBanking,Key seem everybody day address.,177.3,9.07
1/12/2024,Food,NetBanking,Impact direction suddenly.,94.27,2.3
12/18/2024,Miscellaneous,UPI,City decision sell air.,60.1,0
8/14/2024,Food,Cash,Imagine fear smile within.,375.78,0
12/9/2024,Food,Credit Card,Character including than art.,210.35,0.19
7/28/2024,Groceries,UPI,My at charge must.,305.32,0
10/19/2024,Transportation,Cash,Phone apply enough daughter.,154.11,0
9/12/2024,Miscellaneous,Cash,Picture speak wide film important.,414.67,0
2/24/2024,Subscriptions,Cash,Do from free make role save.,437.49,0
7/13/2024,Miscellaneous,Debit Card,Six good professional movement bring.,237.91,0
8/8/2024,Miscellaneous,NetBanking,Blue participant just from.,96.98,0
9/2/2024,Food,Credit Card,Play suffer subject own.,476.4,0
11/5/2024,Food,NetBanking,Condition American loss miss make analysis.,391.5,13.93
9/10/2024,Subscriptions,Cash,Head foreign democratic rest able one.,156.54,0
10/5/2024,Groceries,NetBanking,Maybe practice west scene watch.,275.11,0.29
5/7/2024,Subscriptions,NetBanking,Lead certainly four.,306.28,0
8/11/2024,Subscriptions,Cash,Personal themselves ability five become.,167.07,0
10/8/2024,Groceries,NetBanking,Part letter a necessary practice.,287.86,14.34
3/14/2024,Subscriptions,Credit Card,Up they single night note.,492.35,0
10/6/2024,Transportation,UPI,Data house school term military.,155.7,0
6/15/2024,Subscriptions,NetBanking,Air relationship fall indicate.,233.63,0
8/19/2024,Miscellaneous,Debit Card,Today word how oil painting.,404.2,16.58
6/21/2024,Subscriptions,Cash,Four position hour on instead.,476.58,18.43
4/15/2024,Miscellaneous,Cash,Later begin many soldier loss.,174.88,0
12/14/2024,Bills,UPI,Avoid several those again.,156.65,0
9/20/2024,Food,UPI,Great fire from ground blood.,210.17,0
10/26/2024,Groceries,Cash,Most character could hotel see watch.,276.41,14.17
3/26/2024,Miscellaneous,Credit Card,Attention own wonder mother.,409.6,0
2/23/2024,Food,Cash,Section radio value.,18.32,0
2/21/2024,Subscriptions,Debit Card,Nearly person only consumer if eye.,494.91,0
3/29/2024,Food,NetBanking,Case education leader star.,291.6,0
12/19/2024,Food,Credit Card,Move fight right arm consider region.,129.44,19.7
1/28/2024,Food,NetBanking,Product suddenly site.,71.75,9.25
12/4/2024,Miscellaneous,NetBanking,Prove American site public TV.,199.28,0
10/25/2024,Groceries,Debit Card,Already material simply foot serious successful.,395.51,0
12/22/2024,Miscellaneous,Debit Card,Health north finally toward house board.,413.95,4.21
10/17/2024,Entertainment,NetBanking,Study before success.,404.09,0
6/18/2024,Subscriptions,NetBanking,Herself area movement federal.,352.84,0
5/8/2024,Bills,Debit Card,Player perform project subject check.,230.77,0
5/6/2024,Food,Debit Card,Experience set top.,31.19,3.43
9/12/2024,Transportation,Cash,Hit fact red law seek.,319.25,0
3/18/2024,Subscriptions,Credit Card,Six process interview off take color.,169.27,5.35
3/19/2024,Subscriptions,Cash,Style development throughout.,336.03,5.11
11/1/2024,Food,Debit Card,Appear idea half.,278.78,0
1/21/2024,Transportation,NetBanking,Left eat his professional.,498.5,11.92
3/17/2024,Food,Credit Card,Any admit because.,136.26,15.95
8/27/2024,Subscriptions,Debit Card,Collection entire course chair hundred economy.,338.34,0
7/23/2024,Groceries,NetBanking,Example sell respond.,31.82,19.81
4/8/2024,Miscellaneous,NetBanking,Try skill firm right its.,280.17,0
6/30/2024,Bills,NetBanking,System carry hit.,153.67,0
3/2/2024,Miscellaneous,Credit Card,Control act half people.,297.49,0
6/28/2024,Groceries,Debit Card,Help type least exactly there bill.,238.66,0
8/25/2024,Food,NetBanking,Participant office rather.,47.4,0
3/29/2024,Food,UPI,Not someone huge deep should avoid.,263,14.32
2/14/2024,Food,UPI,Election although campaign.,117.32,0
1/1/2024,Groceries,NetBanking,American price finish late point may my.,56.71,0
2/7/2024,Miscellaneous,Credit Card,Inside talk investment newspaper one reduce.,202.35,0
4/1/2024,Transportation,Credit Card,Light less positive as mind least.,189.63,16.27
1/11/2024,Bills,Credit Card,Picture accept seat audience.,444.02,0
11/6/2024,Subscriptions,Debit Card,Party very research.,258.17,15.88
8/1/2024,Bills,UPI,Friend travel tonight window.,340.69,9.91
3/12/2024,Groceries,Debit Card,Including street answer.,331.6,9.92
4/8/2024,Groceries,Debit Card,One or response prepare plant.,404.98,0
9/21/2024,Groceries,Credit Card,Want law large could reduce.,314.09,0
6/26/2024,Bills,Cash,Debate event color purpose environment part.,273.02,18.17
10/9/2024,Entertainment,Cash,Form seven hear leg.,11.76,0
4/24/2024,Food,Debit Card,Conference actually security rate care try.,205.61,7.19
1/22/2024,Miscellaneous,Cash,Scene standard near.,293.17,2.04
11/13/2024,Food,UPI,Goal dream relationship.,90.8,0
6/17/2024,Transportation,NetBanking,Win car car leg he.,336.92,0
5/27/2024,Groceries,Debit Card,Beat could similar across.,499.76,7.06
10/12/2024,Bills,Credit Card,Rise nearly between law.,310.1,2.37
7/3/2024,Bills,Cash,Drug card feel.,273.93,0
7/20/2024,Food,Cash,Strong agree experience unit front support.,403,12.92
7/18/2024,Bills,Credit Card,Physical stage see behind support.,472.63,0
6/2/2024,Groceries,Debit Card,Picture peace majority.,355.53,0
2/14/2024,Groceries,Cash,Response law prevent cause.,366.75,8.3
11/17/2024,Transportation,Cash,Someone message management and.,375.35,0
12/1/2024,Transportation,Cash,Action nothing project.,116.97,15.71
2/1/2024,Miscellaneous,Cash,Reveal name hair identify kitchen level.,419.67,15.25
8/28/2024,Bills,UPI,Eat image after computer.,483.15,2.05
3/11/2024,Subscriptions,Credit Card,Themselves likely suddenly on decade when.,489.11,0
6/18/2024,Entertainment,Credit Card,Reach well picture four use.,210.44,0
12/19/2024,Bills,UPI,Word east option front.,113.09,0
12/18/2024,Bills,Credit Card,Want bring fight yeah audience.,201.76,17.55
3/16/2024,Subscriptions,Cash,Reality claim down that act experience.,425.92,5.21
7/31/2024,Miscellaneous,Cash,Book like charge blue person.,31.05,0
10/4/2024,Subscriptions,Debit Card,Own believe fly feel.,153.26,0
2/5/2024,Transportation,UPI,Really least lot produce.,19.79,18.92
12/24/2024,Subscriptions,Cash,New also sometimes.,287.8,0
11/3/2024,Subscriptions,NetBanking,Trip ask total.,437.4,0
10/21/2024,Food,Credit Card,Dream food suffer above.,458.9,0
3/22/2024,Entertainment,NetBanking,Hard miss ball forward help conference.,143.96,14.29
11/6/2024,Bills,UPI,Light off sell.,92.11,6.61
7/14/2024,Subscriptions,UPI,Approach enter east.,191.18,16.54
11/10/2024,Subscriptions,Debit Card,Trade all most.,491.95,19.78
12/6/2024,Transportation,Debit Card,My increase all.,76.27,0
8/4/2024,Transportation,UPI,Report production section middle mission building.,385.04,0
8/20/2024,Groceries,Debit Card,Decade party between describe cup.,33.17,17.11
1/4/2024,Subscriptions,UPI,Concern myself describe character eight.,336.66,4.07
3/22/2024,Bills,UPI,Central morning nor.,138.21,16.5
11/25/2024,Food,Credit Card,Everyone through before near moment.,239.83,6.64
2/25/2024,Groceries,UPI,Range until music of ahead.,448.91,4.51
3/10/2024,Food,Cash,Can human series trouble.,335.71,15.74
1/3/2024,Groceries,UPI,Technology method instead same small travel.,459.62,0
6/19/2024,Groceries,Credit Card,Design inside management three.,116.28,14.28
3/19/2024,Food,Debit Card,Meet possible senior who.,477.09,0
2/19/2024,Bills,UPI,Price help player back always.,382.88,0
7/27/2024,Entertainment,NetBanking,Prevent evidence democratic base.,220.86,11.32
5/25/2024,Transportation,NetBanking,Teacher own memory model.,108.84,11
9/14/2024,Groceries,Credit Card,Measure model though enough catch develop less.,403.85,2.49
9/22/2024,Subscriptions,Credit Card,Visit computer test opportunity entire create.,397.96,0.55
6/25/2024,Entertainment,UPI,Third I option responsibility whole.,181.47,13.76
6/9/2024,Subscriptions,UPI,Music girl purpose.,14.37,15.42
4/10/2024,Food,Credit Card,Point nearly herself.,474.3,0
7/4/2024,Transportation,NetBanking,On American material red floor ok.,99.22,0
8/6/2024,Transportation,Debit Card,Skin maintain outside international trip.,54.92,14.89
5/27/2024,Food,NetBanking,Cold deal spring ten finally year.,193.67,3.83
5/15/2024,Groceries,Credit Card,North hope community.,489.49,0
5/11/2024,Transportation,Credit Card,Mind in baby threat she growth.,315.43,0
2/6/2024,Transportation,UPI,Paper plan including child.,334.13,0
12/17/2024,Groceries,Cash,Join allow red effort remember real.,246.21,0
5/6/2024,Food,UPI,Statement turn discussion prevent smile.,434.68,3.96
10/23/2024,Subscriptions,Debit Card,Ago month bed door strategy medical.,60.81,0
10/25/2024,Bills,UPI,Learn happy discuss weight whatever.,336.47,0
2/12/2024,Bills,Cash,Wind follow city network.,209.86,14.98
11/5/2024,Groceries,Cash,Five to act foreign.,53.03,0
2/9/2024,Entertainment,Credit Card,Baby receive may red.,55.33,0
11/19/2024,Groceries,Debit Card,Statement medical forget speech music.,19.15,0
4/7/2024,Subscriptions,Cash,Pass upon others.,24.58,1.26
6/18/2024,Subscriptions,NetBanking,Visit say place.,100.86,0
2/25/2024,Miscellaneous,Debit Card,List pass black.,151.22,0
4/10/2024,Subscriptions,UPI,Choice rich some away.,90.71,0
9/3/2024,Groceries,UPI,Power something three large.,217.34,3.07
4/18/2024,Entertainment,Cash,Admit environment though environmental.,227.8,0
1/6/2024,Subscriptions,Credit Card,Condition dream learn member citizen girl.,349.51,11.18
7/28/2024,Entertainment,Credit Card,West next certain.,424.07,14.84
8/5/2024,Bills,NetBanking,Main now president.,92.29,6.59
6/23/2024,Groceries,Credit Card,Answer share hit.,74.75,2.68
3/3/2024,Bills,Credit Card,Mr lawyer my even interesting.,205.28,0
12/10/2024,Food,Debit Card,Thing wind sea.,446.33,0
11/21/2024,Entertainment,NetBanking,Should against performance east last north.,307.44,0
9/13/2024,Groceries,Debit Card,It civil five finally nearly.,122.14,0
6/26/2024,Subscriptions,Credit Card,Share current without learn thousand.,282.8,8.17
6/5/2024,Entertainment,Cash,Situation fact security show.,439.94,2.59
8/1/2024,Food,Credit Card,Sea thought industry get TV.,121,5.13
5/31/2024,Entertainment,NetBanking,Source program scene manage.,62.9,0
6/21/2024,Groceries,UPI,Family plan wife art machine.,274.7,0
3/16/2024,Entertainment,Cash,Hair to fire Republican general thousand.,443.3,0
6/8/2024,Bills,UPI,Certainly simply east say think direction.,90.81,0
1/18/2024,Transportation,UPI,Partner street so situation keep.,159.39,19.02
6/5/2024,Entertainment,Cash,Material key single.,270.3,0.85
2/4/2024,Bills,UPI,Within class onto adult wind.,77.64,0
6/22/2024,Subscriptions,Cash,Product blood end only ever.,484.93,10.9
3/17/2024,Groceries,Debit Card,Recognize country truth put decide age.,146.76,0
9/21/2024,Bills,Debit Card,Stay hotel reveal.,452.38,6.74
1/3/2024,Transportation,Credit Card,Star campaign author laugh Republican.,147.96,0
4/20/2024,Food,Cash,Happen big change outside.,286.99,6.39
6/25/2024,Entertainment,NetBanking,Know change school administration.,393.17,5.21
3/30/2024,Food,Cash,Possible marriage card performance.,452.55,0
6/24/2024,Transportation,Debit Card,Likely fund political water scientist society.,73.17,0
8/6/2024,Subscriptions,NetBanking,Mouth close gun no.,120.14,5.45
4/19/2024,Miscellaneous,Cash,Explain finally really our result paper.,184.96,0
9/25/2024,Transportation,Debit Card,Address answer during.,198.01,0
11/21/2024,Groceries,UPI,Even world admit every drug.,213.74,1.49
10/19/2024,Miscellaneous,Debit Card,Democrat he assume model rather.,236.03,10.27
11/19/2024,Groceries,UPI,Student imagine feeling especially specific away.,264.78,1.15
6/27/2024,Food,Cash,Street event end nor.,313.08,0
4/14/2024,Entertainment,NetBanking,Stop key tonight her her.,421.87,0
3/20/2024,Groceries,UPI,Find again cup special bank.,178.8,18.38
1/19/2024,Subscriptions,UPI,Party behind recognize close thus life.,276.17,0
4/19/2024,Bills,Credit Card,Board grow clearly past.,349.86,0
1/22/2024,Miscellaneous,UPI,Second deep by though network.,359.18,0
9/15/2024,Bills,Cash,Outside situation first strong.,164.81,13.26
10/25/2024,Bills,Cash,Thus kind myself loss must feeling.,237.64,6.09
3/12/2024,Entertainment,UPI,Language week seek.,471.45,0
8/30/2024,Food,UPI,Skin amount often.,235.1,0
7/3/2024,Transportation,NetBanking,Stop first theory.,294.49,3.26
3/14/2024,Groceries,Debit Card,Wear present want whatever.,142.26,15.7
3/28/2024,Subscriptions,Credit Card,Film single within teacher scientist sit.,370.83,0
7/25/2024,Miscellaneous,UPI,Past Congress this.,250.99,19.57
11/6/2024,Bills,NetBanking,Everything enter pattern contain.,88.91,0
7/10/2024,Groceries,Credit Card,Try human set.,65.61,0
11/12/2024,Bills,NetBanking,Off south condition read then.,344.07,2.92
1/11/2024,Food,NetBanking,Easy record into apply.,179.02,16.56
8/15/2024,Groceries,Debit Card,Open third week whole arm.,177.07,13.48
4/25/2024,Bills,UPI,Close stand clearly here reality.,118.71,0
10/17/2024,Groceries,NetBanking,May raise quickly.,238.2,0
2/10/2024,Miscellaneous,Debit Card,Peace spend player goal oil across.,68.73,2.47
7/31/2024,Subscriptions,Cash,Father traditional physical chance.,324.15,18.28
9/23/2024,Miscellaneous,Cash,Oil population among wrong front.,313.83,0
1/12/2024,Transportation,Cash,Order can dog.,335.84,0
9/9/2024,Transportation,UPI,Writer it wear course wife.,240.03,0
7/22/2024,Transportation,Debit Card,Challenge put method rest.,412.81,7.17
9/29/2024,Groceries,UPI,Last machine police.,131.93,0
3/5/2024,Entertainment,Cash,Kitchen real challenge response soon.,264.15,0
5/18/2024,Miscellaneous,UPI,Hear left stay new end.,207.89,5.26
1/11/2024,Miscellaneous,UPI,Open interest cause level piece.,189.09,0
3/31/2024,Entertainment,Credit Card,Door check write.,258.17,10.35
5/8/2024,Transportation,NetBanking,Through learn score answer popular enough.,483.8,0
4/2/2024,Entertainment,Debit Card,Friend part mind issue.,425.78,19.83
1/19/2024,Transportation,UPI,Imagine TV use.,112.75,0
11/23/2024,Bills,Debit Card,Between thus growth outside summer.,402.02,0
2/27/2024,Miscellaneous,NetBanking,Anything as total put.,369.77,16.92
3/3/2024,Subscriptions,NetBanking,Case establish check tend.,217.33,2.47
5/4/2024,Groceries,Debit Card,Area detail increase prepare along tree.,170.17,7.28
12/1/2024,Transportation,Credit Card,Upon describe church house product.,493.44,4.56
6/20/2024,Miscellaneous,UPI,Though at material hotel total stage.,135.89,0
5/19/2024,Bills,Cash,Article fly such term like.,208.9,0
11/26/2024,Subscriptions,UPI,Build man then operation anything prepare.,272.43,12.13
8/14/2024,Transportation,Credit Card,Technology allow responsibility.,264.9,0
12/20/2024,Groceries,Cash,Program country born memory could drug.,35.75,5.23
11/30/2024,Transportation,UPI,Exist thousand think.,325.1,5.16
9/9/2024,Entertainment,NetBanking,Require find exactly table within.,277.93,7.5
11/5/2024,Entertainment,UPI,Stock maybe population.,394.4,12.61
5/13/2024,Transportation,Credit Card,Government describe decide thousand debate hotel.,18.12,0
6/20/2024,Transportation,UPI,Bit anyone I drive under.,469.55,0
11/24/2024,Entertainment,Cash,Difference industry under care visit three.,374.16,0
8/18/2024,Entertainment,NetBanking,Case simply goal.,49.28,14.46
6/21/2024,Food,NetBanking,This situation administration example.,458.66,14.84
8/11/2024,Miscellaneous,NetBanking,Meeting police nothing.,183.06,0
9/30/2024,Miscellaneous,Credit Card,Country step color sure of home.,339.21,0
4/8/2024,Subscriptions,UPI,Add purpose market yes rock.,198.4,0
2/10/2024,Entertainment,Credit Card,Student compare agency mother wear cultural.,207.79,0
6/30/2024,Food,Cash,Voice law go station ok use.,374.97,15.06
5/13/2024,Subscriptions,NetBanking,Start per player meet.,143.09,0
6/10/2024,Subscriptions,Cash,If face hospital see.,255.73,19.71
5/17/2024,Transportation,UPI,Name pay trial specific even perhaps.,360.77,0
8/14/2024,Food,UPI,Catch approach movie.,351.19,6.07
9/4/2024,Subscriptions,UPI,Nature various child.,402.29,17.53
8/11/2024,Transportation,Cash,Argue program top out machine.,137.18,0
3/11/2024,Bills,NetBanking,New join cultural.,59.39,0
12/25/2024,Transportation,Cash,This money choice affect after.,467.8,5.65
2/11/2024,Bills,Debit Card,Specific statement hope business.,218.57,0
4/24/2024,Transportation,Cash,How woman identify which fill.,220.83,7.72
1/6/2024,Transportation,Debit Card,Head certain some suddenly stand agency.,415.75,0
12/14/2024,Entertainment,Credit Card,Structure believe class oil yourself.,92.84,0
8/29/2024,Miscellaneous,Credit Card,Image author hit million approach use.,189.7,5.07
8/20/2024,Food,Credit Card,Air language sometimes base purpose.,118.36,0
5/23/2024,Entertainment,Cash,Front argue agree tend now throw.,484.42,10.37
6/10/2024,Entertainment,NetBanking,Month throughout decade poor my throw.,85.58,15.1
10/5/2024,Miscellaneous,Cash,Modern office nation song election north.,369.24,0
6/16/2024,Bills,UPI,Trial college play.,92.55,11.66
5/28/2024,Food,UPI,Draw on box bar eight.,23.46,13.86
2/19/2024,Bills,NetBanking,Environment evening day sing.,179.15,0
1/21/2024,Groceries,Cash,Really the eye owner.,470.44,0
2/8/2024,Subscriptions,UPI,Hot ago air type physical energy.,440.04,9.02
11/27/2024,Food,UPI,Face only summer off form.,225.54,0
12/15/2024,Bills,Debit Card,Recognize audience matter major right.,194.55,0
4/11/2024,Food,NetBanking,Behind white people challenge name southern.,12.83,8.63
9/27/2024,Subscriptions,Credit Card,Cultural argue ago TV skin somebody by.,250.8,0
12/17/2024,Food,Debit Card,Old set relate treatment threat time.,77.28,0
12/24/2024,Food,NetBanking,For benefit issue.,157.37,2.57
9/27/2024,Bills,Credit Card,Level his game rise maybe.,166.62,0
1/24/2024,Subscriptions,UPI,Activity test company almost role.,222.42,1.41
9/17/2024,Subscriptions,Credit Card,Several message record happy individual degree.,483.18,0
1/30/2024,Food,Cash,Green almost my whole any major.,494.68,12.57
3/25/2024,Entertainment,Cash,Manage since together perhaps.,158.87,10.34
5/26/2024,Subscriptions,Cash,Music according day size begin.,238.4,0
11/20/2024,Transportation,UPI,Ball half ahead hour.,469.3,11.81
9/27/2024,Groceries,NetBanking,The real Mr standard should.,192.87,7.39
3/8/2024,Entertainment,Credit Card,Gas strong set push sign section.,400.23,18.04
11/27/2024,Bills,Cash,Year by catch.,407.18,0
3/7/2024,Groceries,Cash,Number box project play.,166.99,6.05
11/18/2024,Transportation,Debit Card,Anyone southern be.,307.82,16.38
3/9/2024,Subscriptions,Cash,Republican product stock choice.,152.8,15
9/8/2024,Transportation,Credit Card,Similar nothing matter.,22.65,17.82
9/21/2024,Transportation,Credit Card,Reveal also city girl industry painting.,159.92,19.86
2/8/2024,Groceries,Cash,In conference agency guess lead record.,34.81,0
5/12/2024,Transportation,Cash,Over after read.,102.17,14.63
3/7/2024,Bills,UPI,Piece star simple factor parent.,194.34,0
11/27/2024,Entertainment,Debit Card,More statement game.,69.66,0
10/7/2024,Groceries,Cash,Late guy authority reflect fire.,348.38,0
3/31/2024,Subscriptions,Credit Card,Us his might human article huge.,95.75,13.75
10/12/2024,Transportation,Cash,Hear buy across six lose.,180.15,5.66
1/14/2024,Subscriptions,Cash,Star and data benefit wrong.,245.09,0
9/15/2024,Miscellaneous,Cash,While wide plant man.,245.86,0
8/8/2024,Transportation,UPI,Mean bring speak ago key.,197.42,18.56
9/12/2024,Entertainment,Cash,Name response boy room whom.,253.32,15.44
11/2/2024,Transportation,Credit Card,Conference owner you.,81.39,0
3/14/2024,Miscellaneous,Debit Card,Her stand floor.,475.05,0
6/27/2024,Food,UPI,Population what ability project scene cover.,166.85,13.28
1/25/2024,Bills,Cash,Ever air range respond line.,434.58,0
5/3/2024,Miscellaneous,Debit Card,Line education peace might.,382.61,17.06
10/10/2024,Subscriptions,NetBanking,Sometimes political manage dream main.,96.21,0
6/2/2024,Groceries,Debit Card,Third when alone animal.,42.88,4.04
1/25/2024,Miscellaneous,Credit Card,Take certainly score radio case final.,184.05,0
2/7/2024,Groceries,UPI,Final four chair thank.,344.65,0
8/27/2024,Bills,Cash,Risk west present drop yeah game.,12.88,10.58
9/19/2024,Groceries,UPI,Road whose decade.,244.58,0
10/9/2024,Subscriptions,Credit Card,Management kind give strong.,385.63,0
12/16/2024,Entertainment,UPI,Well half team.,72.27,0
1/22/2024,Food,Debit Card,Involve land rest.,238.26,8.13
12/22/2024,Food,Cash,Kind attack argue ago.,416.86,0
6/18/2024,Entertainment,Debit Card,Letter mother generation.,15.7,0
10/30/2024,Bills,Debit Card,Have part enter prove.,237.81,0
11/22/2024,Food,NetBanking,Begin rise air walk.,458.75,2.01
3/3/2024,Miscellaneous,UPI,Fast yet analysis.,59.17,0
9/2/2024,Subscriptions,Debit Card,Affect under few.,395.3,12.32
4/29/2024,Groceries,UPI,Station manager analysis.,360.77,0
5/6/2024,Bills,Credit Card,Organization information how itself son.,154.56,12.45
2/24/2024,Miscellaneous,Cash,Act student cut.,147.85,0
1/25/2024,Food,NetBanking,Amount toward case head.,44.13,1.27
12/23/2024,Transportation,NetBanking,Standard less political conference answer.,304.09,0
8/22/2024,Bills,UPI,Quickly drive American woman base not.,212.15,8.35
6/10/2024,Bills,Debit Card,His ago strategy student lay.,84.63,0
10/16/2024,Groceries,UPI,Everyone parent face.,19.22,4.72
7/17/2024,Groceries,NetBanking,Identify player performance check include.,379.6,0
9/30/2024,Miscellaneous,Debit Card,More television yourself common let.,127.99,0
7/1/2024,Entertainment,UPI,Safe alone however show create.,129.06,0
8/22/2024,Subscriptions,Credit Card,Church walk music break.,287.94,0
6/12/2024,Groceries,NetBanking,Wife citizen music street suggest total.,10.78,5.8
2/4/2024,Miscellaneous,UPI,International guy another theory.,250.84,7.76
4/29/2024,Transportation,UPI,Card make owner.,69.47,0
12/2/2024,Transportation,Credit Card,Usually from guess grow senior.,432.38,0
3/2/2024,Subscriptions,UPI,Common human less free design.,15.4,11.44
9/2/2024,Groceries,Cash,Serve offer game pattern central win trip.,389,1.43
10/12/2024,Subscriptions,UPI,Myself base few college.,385.38,0
8/11/2024,Groceries,Debit Card,Under give though.,147.93,0
3/22/2024,Transportation,Debit Card,Already almost themselves whole.,332.38,4.95
9/13/2024,Groceries,NetBanking,Control wrong civil.,150.61,0
9/24/2024,Entertainment,NetBanking,Issue yes project amount attack.,491.59,16.31
6/17/2024,Subscriptions,Debit Card,Medical bill evening.,237.84,0
12/8/2024,Transportation,Credit Card,Food nation join room.,421.4,0
7/27/2024,Subscriptions,UPI,Including early performance something know leg.,389.86,0
2/21/2024,Groceries,Debit Card,Common despite design drop sign lot.,160.01,0
12/15/2024,Entertainment,NetBanking,Leg future cause leave practice.,80.25,0
1/16/2024,Subscriptions,UPI,Detail third maintain happy.,91.5,0
11/17/2024,Bills,NetBanking,Example produce however.,386.32,0
10/30/2024,Subscriptions,Cash,Kid claim door they piece.,367.22,10.15
6/2/2024,Bills,NetBanking,Heart manager build.,218.78,0
12/11/2024,Bills,Cash,Traditional focus spend doctor six.,436.55,0
12/25/2024,Transportation,NetBanking,Customer positive sure human modern increase.,219.05,19.71
7/13/2024,Food,Cash,Report quality feeling.,209.75,13.76
11/8/2024,Groceries,UPI,Current could current reach.,75.09,5.08
2/14/2024,Transportation,UPI,Rate drug director.,281.36,17.1
11/8/2024,Bills,UPI,Decision available different production themselves administration.,224.66,1.82
10/9/2024,Groceries,Credit Card,Until him kitchen land.,493.43,18.42
7/6/2024,Entertainment,UPI,By well issue develop author.,109.52,14.92
9/22/2024,Entertainment,Cash,President when federal phone we age.,130.01,18.35
9/13/2024,Miscellaneous,NetBanking,Product determine require.,199.27,11.69
8/22/2024,Food,UPI,Best anything base these song middle.,459.06,0
2/21/2024,Miscellaneous,Debit Card,Answer on defense.,188.47,4.48
7/4/2024,Bills,Cash,Data adult soldier information join.,359.17,7.54
7/14/2024,Food,Credit Card,Thought behavior which reflect know office.,478.32,0
11/1/2024,Transportation,Credit Card,Shake necessary everyone.,238.31,0
9/1/2024,Entertainment,Cash,Lawyer five just stop generation.,110.17,16.13
12/18/2024,Transportation,NetBanking,Argue church worry national data.,221.21,16.6
7/7/2024,Groceries,Debit Card,Sing stuff act.,481.19,0
2/11/2024,Entertainment,NetBanking,Determine door west father road.,186.69,0
11/27/2024,Bills,Debit Card,City section trouble really why.,398.28,12.07
8/20/2024,Transportation,UPI,Word beautiful tough.,79.4,4.25
11/8/2024,Miscellaneous,NetBanking,Others with over but.,122.47,0
1/15/2024,Subscriptions,NetBanking,Could for compare both.,257.64,8.1
4/6/2024,Entertainment,UPI,Democrat staff national per.,309.63,0
8/23/2024,Miscellaneous,Credit Card,Impact bring budget major catch.,167.9,15.63
8/25/2024,Transportation,Credit Card,Central seat about without recently produce.,156.91,0
7/28/2024,Food,Cash,Beyond draw attention opportunity hot voice.,490.59,9
11/4/2024,Food,Cash,Write month far Democrat board inside.,77.34,0
2/24/2024,Miscellaneous,Debit Card,Thus happy never.,369.25,0
8/16/2024,Miscellaneous,Debit Card,Success factor power.,360.35,15.91
7/1/2024,Groceries,Debit Card,Senior local candidate money beat.,368.18,3.65
11/14/2024,Entertainment,Debit Card,Their laugh left.,356.98,0
10/7/2024,Groceries,UPI,Four although if.,340.42,7.92
11/21/2024,Entertainment,NetBanking,Instead western paper over Mrs.,374.62,0
10/17/2024,Food,Cash,Summer present draw single notice side.,465,8.42
7/6/2024,Groceries,Debit Card,Around standard group.,412.47,0
4/2/2024,Miscellaneous,UPI,Cover small much movement although security.,312.66,0
1/3/2024,Transportation,Credit Card,Ability give join possible.,159.69,0
6/4/2024,Food,Credit Card,Prove interview seat that.,470.59,0
4/8/2024,Food,Debit Card,Increase child mean throw will.,444.59,4.67
12/5/2024,Miscellaneous,NetBanking,Fast now home look them maybe.,299.97,11.29
8/28/2024,Groceries,UPI,Tonight speak care idea question share.,59.12,10.02
8/28/2024,Transportation,NetBanking,Medical indicate cultural blue.,90.39,14.84
11/25/2024,Bills,Credit Card,Best perform let.,259.69,0
1/5/2024,Miscellaneous,Cash,Something week turn.,277.05,0
3/28/2024,Transportation,NetBanking,Away adult board.,351.04,0
2/23/2024,Food,UPI,Finish enjoy keep film early finally.,361.35,0
7/29/2024,Subscriptions,NetBanking,Memory it size.,162.9,0
7/16/2024,Entertainment,Credit Card,Century maintain state several trial.,406.78,0
1/27/2024,Food,UPI,Cost woman tend daughter.,47.8,12.98
9/27/2024,Bills,Cash,Easy help table nor shake.,165.47,8.21
4/27/2024,Subscriptions,Cash,Many bill me change occur language.,203.53,0
7/28/2024,Entertainment,UPI,Sing meeting Mrs whether.,248.43,6.15
8/29/2024,Miscellaneous,Cash,History last debate couple operation through.,21.79,0
11/18/2024,Subscriptions,Cash,Finish box seat reveal make.,334.37,7.32
8/8/2024,Groceries,Debit Card,Game happen art reality off as thought.,57.62,13.44
5/22/2024,Food,Debit Card,Money week fire.,112.38,0
10/9/2024,Groceries,Cash,Executive current rock others card myself.,209.72,0
5/19/2024,Entertainment,NetBanking,Condition edge rule war.,268.84,0
12/5/2024,Transportation,Debit Card,Bill learn bill.,151.69,16.32
4/26/2024,Miscellaneous,NetBanking,Author figure program wife look majority.,81.61,0
9/20/2024,Subscriptions,Debit Card,Movement common no society.,340.1,0.67
2/19/2024,Food,Debit Card,Production bank environment point.,259.17,8.7
7/7/2024,Subscriptions,Cash,Second turn success house by lay.,36.63,0
1/27/2024,Bills,Credit Card,Prevent eye respond increase miss contain.,128.84,0
3/24/2024,Groceries,UPI,Trial production knowledge challenge.,99.28,12.07
11/10/2024,Subscriptions,Cash,Whom whatever better.,94.29,16.74
7/12/2024,Bills,UPI,Century dream some sign name.,486.33,8.26
4/15/2024,Bills,Cash,Appear foot her hit child go.,182.36,0
10/8/2024,Transportation,Credit Card,Three yourself need father surface.,441.05,5.27
1/8/2024,Food,UPI,Political official land south good.,67.64,0
5/17/2024,Subscriptions,NetBanking,Scene subject artist difficult.,433.4,14.38
3/30/2024,Food,Debit Card,Minute what participant.,429.77,9.08
3/11/2024,Transportation,NetBanking,Instead than where beat buy ready.,365.76,13.03
3/3/2024,Groceries,Credit Card,Institution price mind challenge.,334.38,0.59
10/4/2024,Miscellaneous,UPI,Whole price lawyer behavior heavy.,88.78,0
11/7/2024,Food,UPI,Player have idea mouth size.,351.99,0
4/26/2024,Groceries,Debit Card,You benefit science.,346.67,0
11/30/2024,Bills,Cash,Conference high within model.,288.74,5.97
5/26/2024,Subscriptions,NetBanking,Human buy eight.,232.15,10.13
2/19/2024,Transportation,UPI,Never figure line home with present.,478.71,16.84
8/26/2024,Subscriptions,NetBanking,Road near day Democrat.,465.42,13.02
8/15/2024,Transportation,Cash,Investment choose successful ahead form.,242.81,12.99
12/10/2024,Entertainment,Credit Card,Action moment feel evening town.,272.24,0.56
11/24/2024,Miscellaneous,NetBanking,Senior quickly partner can cause month.,59.87,3.28
4/11/2024,Bills,NetBanking,Perform might friend difference.,368.22,18.07
4/24/2024,Groceries,NetBanking,Inside carry common.,261.06,6.74
10/15/2024,Transportation,Credit Card,Firm Republican training.,182.42,16.56
9/27/2024,Entertainment,Credit Card,We along risk.,128.17,0
7/1/2024,Entertainment,NetBanking,Specific describe skill employee president past.,470.86,10.04
1/27/2024,Groceries,UPI,American center loss sea example second.,419.26,12.49
3/19/2024,Entertainment,Credit Card,Law authority beautiful.,78.5,13.41
3/4/2024,Groceries,Cash,Role truth by then sometimes.,257.03,9.09
10/4/2024,Bills,UPI,Hold generation information could.,262.76,8.09
7/3/2024,Entertainment,Credit Card,Scene continue several.,266.82,13.9
3/14/2024,Miscellaneous,Credit Card,Single front land phone score.,175.22,0
7/27/2024,Groceries,NetBanking,Listen suffer hot respond range wall.,463.69,0
7/24/2024,Miscellaneous,NetBanking,Low space buy story not.,65.06,8.15
2/29/2024,Miscellaneous,Cash,Left world area approach deep.,112.52,17.04
5/7/2024,Subscriptions,Credit Card,Themselves edge interview.,341.83,17.09
10/17/2024,Groceries,Debit Card,Catch statement successful game.,212.83,15.84
12/16/2024,Food,UPI,Case manager return religious hour soon.,193.46,2.21
1/4/2024,Groceries,UPI,Us represent enough recent huge.,275.53,17.99
9/15/2024,Miscellaneous,Debit Card,Eight size past.,212.65,0
7/29/2024,Food,UPI,Discover growth green toward.,440.18,0.2
8/30/2024,Subscriptions,Debit Card,Enter work bar something air.,249.8,0
4/20/2024,Groceries,UPI,Often thus ago hear church fish.,391.99,0
8/16/2024,Bills,Debit Card,Event add cup attention direction court.,285.31,0
7/12/2024,Entertainment,UPI,Class collection then during better table.,267.89,0
3/2/2024,Groceries,Debit Card,Take including against catch give poor.,418.15,0
9/23/2024,Groceries,Debit Card,Maybe defense director suggest.,199.85,16.48
1/25/2024,Entertainment,NetBanking,Cold adult build despite join send.,105.43,15.4
2/2/2024,Subscriptions,NetBanking,Ball somebody economy blood back.,275.94,0
11/6/2024,Transportation,Debit Card,Several reach good grow range oil.,329.34,15.23
11/17/2024,Subscriptions,Debit Card,Night strategy thus reason stand environment.,292.58,0
11/17/2024,Entertainment,Cash,Morning relationship attack car.,284.64,0
3/19/2024,Entertainment,NetBanking,Time floor position.,75.2,10.92
3/21/2024,Groceries,NetBanking,Week wife rather according.,418.46,9.33
2/1/2024,Bills,NetBanking,Consider Republican but choice dream bill.,272.54,15.5
2/8/2024,Bills,Cash,Agree quality about great left.,35.76,0
5/23/2024,Miscellaneous,UPI,Pay common have.,334.48,16.68
5/29/2024,Transportation,UPI,Deal expect want up century.,466.74,14.69
9/29/2024,Entertainment,Credit Card,All table very quality.,59.22,0
4/25/2024,Transportation,Credit Card,City all television exactly.,396.06,0
5/4/2024,Entertainment,Credit Card,Tend hold reduce.,329.09,0
11/7/2024,Transportation,Debit Card,Prove perhaps church reason budget.,357.71,2.09
4/16/2024,Food,NetBanking,Material stay catch performance toward.,175.3,4.97
9/23/2024,Entertainment,NetBanking,Economic catch outside their hour.,270.4,5.36
5/14/2024,Transportation,UPI,Add participant job manage which people by.,307.76,6.81
12/3/2024,Groceries,Debit Card,This production past others return similar.,495.26,0
11/6/2024,Food,NetBanking,Health name one.,155,0
6/22/2024,Miscellaneous,Credit Card,Visit during notice education foot.,288.94,15.51
8/14/2024,Bills,Credit Card,Record practice head side boy.,464.23,0
10/9/2024,Miscellaneous,UPI,Book director cause though establish ahead.,324.62,0
4/20/2024,Transportation,Debit Card,Water his feeling begin.,405.33,0
8/29/2024,Groceries,Cash,Energy check their current source special.,54.42,0
11/13/2024,Subscriptions,NetBanking,Level three on.,449.11,0
5/21/2024,Bills,Debit Card,Staff very house change teacher.,213.35,0
9/15/2024,Subscriptions,NetBanking,Discover consider staff prepare race consider.,381.36,12.23
9/9/2024,Subscriptions,Credit Card,College perform result with common challenge.,39.62,0
2/5/2024,Groceries,NetBanking,Only consider budget bed.,24.28,0
10/25/2024,Bills,Debit Card,Four cover start.,126.33,0
2/26/2024,Subscriptions,Debit Card,Special born protect similar.,446.78,0
7/15/2024,Miscellaneous,UPI,Professional level red seven skill control.,458.93,5.57
10/20/2024,Miscellaneous,Cash,Effort specific Mr yes.,141.97,6.33
10/16/2024,Bills,UPI,Participant those second collection ability sense.,217.66,0
9/21/2024,Subscriptions,Cash,System effort none success station necessary.,47.54,0
11/23/2024,Subscriptions,NetBanking,Behavior keep begin save community.,301.01,12.91
12/24/2024,Subscriptions,Debit Card,Dream common opportunity four success catch.,432.3,0
6/17/2024,Groceries,Cash,Property far debate serve me democratic.,122.99,15.11
9/3/2024,Transportation,NetBanking,Wind my interview goal.,388.7,0
8/27/2024,Transportation,Debit Card,Guy direction believe.,430.57,0
11/13/2024,Entertainment,NetBanking,Choose ground up want list.,317.02,18.31
12/8/2024,Subscriptions,Cash,Public create suffer.,317.66,0
7/14/2024,Transportation,Credit Card,Single college economic later.,278.42,8.36
12/8/2024,Bills,NetBanking,Event Congress onto more keep.,482.06,15.79
10/10/2024,Groceries,NetBanking,Evening religious movie executive TV kind.,468.63,13.11
2/17/2024,Bills,Debit Card,Game weight operation.,452.72,4.29
5/3/2024,Bills,Credit Card,Green successful go piece space.,16.27,0
7/4/2024,Entertainment,Debit Card,They away defense left tree.,223.12,0
6/7/2024,Bills,UPI,Drop good might.,111.02,11.99
2/17/2024,Entertainment,Cash,Relationship focus as challenge involve difficult.,408.33,0
4/19/2024,Subscriptions,Debit Card,Base no eight care explain involve.,79.15,0
6/29/2024,Subscriptions,Debit Card,Green bed buy information.,155.27,0
1/1/2024,Miscellaneous,Cash,Lot front perhaps country.,266.01,0
11/29/2024,Entertainment,Credit Card,Require because according against although.,410.04,7.77
5/1/2024,Food,Credit Card,Fight movie respond.,312.58,10.38
6/20/2024,Food,Cash,Compare evening than.,485.96,0
7/14/2024,Miscellaneous,UPI,Require cost Democrat test least.,336.01,0
6/1/2024,Entertainment,Cash,Receive sister fund population perhaps.,492.62,1.82
6/4/2024,Groceries,Debit Card,Baby fish rock how break thing eight.,115.28,0
10/19/2024,Miscellaneous,Debit Card,Land determine a gas.,478.29,10.49
12/18/2024,Groceries,Debit Card,Character air guy establish reduce range.,52.29,0
10/27/2024,Subscriptions,UPI,Certainly management themselves member able.,223.71,6.14
10/18/2024,Bills,NetBanking,Specific perhaps visit.,276.31,17.87
10/11/2024,Miscellaneous,UPI,Heart size study where example successful.,324.27,0
3/10/2024,Subscriptions,NetBanking,Look environmental why.,207.89,0
2/20/2024,Groceries,Credit Card,Within group certainly.,469.07,1.33
1/26/2024,Subscriptions,Cash,Help film short ten live.,210.39,2.42
4/2/2024,Entertainment,Debit Card,Daughter ground clearly national.,375.14,13.01
1/29/2024,Subscriptions,UPI,Central blue full situation challenge suddenly.,224.85,14.87
2/26/2024,Groceries,Cash,Increase service similar.,349.49,6.91
7/8/2024,Groceries,NetBanking,Least onto rest room PM in.,325.19,0
9/23/2024,Groceries,NetBanking,Today much place method.,179.75,10.52
8/31/2024,Bills,Debit Card,Half to carry.,498.29,0
4/5/2024,Bills,NetBanking,Avoid poor until its machine start.,497.75,0
9/25/2024,Transportation,Cash,Term allow reality gas.,91.09,2.78
1/24/2024,Miscellaneous,UPI,Day tree base.,347.21,0
5/25/2024,Miscellaneous,Credit Card,Administration whose election again generation.,374.74,6.81
6/3/2024,Bills,NetBanking,Practice although season instead.,312.82,0
5/13/2024,Food,Cash,Most beyond support room apply.,66.72,8.85
3/27/2024,Transportation,Cash,Fall century drug enough stay than.,93.16,0
12/23/2024,Entertainment,Cash,Cultural police star report would.,341.39,0
9/30/2024,Miscellaneous,Debit Card,Find explain central lot north.,232.02,0
6/14/2024,Groceries,Debit Card,Strategy then run.,93.64,0
6/16/2024,Subscriptions,NetBanking,Pass stuff heart.,242.97,0
9/4/2024,Transportation,NetBanking,Blue bring in live state hold.,347.74,0
2/16/2024,Groceries,Credit Card,Practice author meet.,472.41,11.23
9/12/2024,Food,Cash,Know young site bad window.,120.2,14.41
4/13/2024,Miscellaneous,Cash,Help some easy pressure.,476.8,0
1/15/2024,Subscriptions,Debit Card,Want wide easy cut evening word.,64.03,0
6/10/2024,Groceries,UPI,Hotel recognize tonight chair travel.,241.02,0
4/3/2024,Food,UPI,High evening wind center table.,257.17,1.24
10/10/2024,Groceries,Credit Card,Since audience although growth.,226.1,3.14
8/7/2024,Food,Credit Card,Child support threat role after.,402.96,12.42
7/27/2024,Transportation,NetBanking,Official quite stand.,284.27,19.48
10/27/2024,Food,Debit Card,Run too why grow.,106.52,17.01
10/5/2024,Groceries,Debit Card,Stand cut wind send.,146.29,0.65
9/30/2024,Subscriptions,UPI,Base assume wonder yeah agree.,360.48,8.85
3/24/2024,Groceries,Credit Card,Quality example size not.,40.48,0
1/14/2024,Miscellaneous,NetBanking,Prepare court design behind late.,19.97,17.38
7/23/2024,Miscellaneous,Debit Card,Second glass risk.,360.59,15.75
2/22/2024,Entertainment,UPI,Partner center under.,242.47,0
12/24/2024,Groceries,Cash,High price possible worry none.,298.52,0
1/30/2024,Groceries,NetBanking,Traditional indicate guess a.,29.11,0
4/20/2024,Bills,Cash,Remember feel alone join.,269.45,0
6/20/2024,Bills,NetBanking,Head trade per.,427.84,0
12/14/2024,Miscellaneous,NetBanking,Air often across perhaps real free.,377.27,12.34
9/16/2024,Entertainment,Cash,Who right partner resource friend.,113.75,0
7/18/2024,Entertainment,NetBanking,We kitchen story commercial end prepare.,199.42,9.97
12/7/2024,Subscriptions,NetBanking,However large reflect exist director of.,238.94,0
3/2/2024,Food,Credit Card,Eight action military miss law.,317.18,0
7/16/2024,Groceries,NetBanking,Unit run do affect.,427.11,0
10/28/2024,Food,Credit Card,Affect include town across.,307.27,0
5/16/2024,Miscellaneous,Cash,Employee chance national enough always form.,87.54,0
11/8/2024,Bills,Credit Card,Reality check trade door serve forward.,245.45,0
3/12/2024,Entertainment,NetBanking,Attention effect teach lot.,293.39,0
9/7/2024,Subscriptions,Credit Card,Court imagine way.,313.03,0
4/20/2024,Bills,Cash,Which soon carry act.,59.68,0
12/21/2024,Food,NetBanking,Learn describe wear.,201.12,0
2/1/2024,Groceries,NetBanking,Whether body between.,367.37,0
3/17/2024,Miscellaneous,NetBanking,Second sell quality glass.,425.76,0
12/11/2024,Entertainment,Cash,History teacher Democrat management among then.,222.52,13.79
5/25/2024,Bills,Credit Card,East ready else.,57.65,9.69
11/3/2024,Bills,Cash,Practice where fast discover tree.,364.84,0
9/8/2024,Transportation,NetBanking,Rather task security common left already.,128.65,0
9/26/2024,Transportation,Cash,Job go option also miss use.,107.52,0
5/29/2024,Bills,NetBanking,Face possible sing create.,242.09,0
1/23/2024,Miscellaneous,Cash,Able result create suffer hair.,317.61,0.97
7/15/2024,Subscriptions,Cash,Last trouble south wife law support.,241.94,0
11/12/2024,Subscriptions,Credit Card,Evidence college one across.,349.78,0
6/16/2024,Bills,Cash,Artist address person next fact crime.,323.12,1.97
12/8/2024,Transportation,UPI,Sometimes country fire.,291.02,0
2/11/2024,Groceries,Credit Card,Blood nor impact impact agency fish.,403.91,0
3/14/2024,Subscriptions,NetBanking,Move our particularly court inside.,402.95,0
5/12/2024,Entertainment,Debit Card,Should week explain ahead.,389.41,0
8/24/2024,Miscellaneous,UPI,Range spend key as onto candidate.,348.68,0
5/25/2024,Miscellaneous,Credit Card,Phone decide than fall.,362.91,4.51
2/24/2024,Entertainment,Cash,Court why standard.,410.24,0
7/31/2024,Entertainment,Credit Card,Hundred civil key skin argue teacher.,335.94,0
3/17/2024,Subscriptions,Cash,Range baby special government organization state.,54.73,9.27
6/20/2024,Food,Credit Card,Capital industry prevent feeling born.,376.41,0
5/11/2024,Subscriptions,Credit Card,This create new real.,325.81,0
5/18/2024,Bills,NetBanking,Effort own speak.,481.29,0
8/8/2024,Transportation,Credit Card,Tough one response fly.,318.87,0.26
2/29/2024,Subscriptions,Cash,Brother contain once our street.,306.13,0
1/28/2024,Bills,Debit Card,Information front wait letter offer sell.,429.3,0
11/29/2024,Groceries,Credit Card,Enter program spend.,207.98,0.53
7/10/2024,Bills,Credit Card,Serve whatever item.,172.05,0
9/9/2024,Entertainment,Debit Card,Way sell image century.,456.03,0
5/13/2024,Food,Cash,Beautiful protect stand.,395.9,0
12/3/2024,Groceries,Debit Card,Finally glass green minute single give.,17.52,0
6/8/2024,Groceries,Credit Card,Forget in inside life two carry.,420.34,0
11/8/2024,Bills,Debit Card,Vote kind environmental shoulder.,467.07,4.24
2/8/2024,Miscellaneous,NetBanking,Production its between street.,34.6,0
2/9/2024,Entertainment,Cash,Also research attorney wait meeting nor.,116.64,0
6/8/2024,Bills,NetBanking,Arm statement get close.,261.14,0
5/13/2024,Food,Debit Card,State enjoy once mind.,224.54,0
8/14/2024,Miscellaneous,Cash,Admit action nature.,180.92,19.29
10/26/2024,Transportation,Credit Card,Fear girl we.,202.88,12.36
2/2/2024,Miscellaneous,Cash,Full owner card film.,124.09,14.73
5/28/2024,Subscriptions,Debit Card,Interesting sister seat record mean.,257.01,0
9/15/2024,Bills,Credit Card,Yes have thus more.,108.23,9.75
5/1/2024,Subscriptions,Debit Card,Parent southern marriage possible sing scientist Democrat.,444.09,0
4/27/2024,Subscriptions,Debit Card,Cause them call.,433.02,0
10/30/2024,Subscriptions,UPI,Ball mention least need southern.,116.6,0
6/2/2024,Subscriptions,NetBanking,His policy view final.,404.84,6.61
7/28/2024,Miscellaneous,UPI,Tree ago effect artist art.,427.41,14.4
1/13/2024,Subscriptions,UPI,Effect rock box scene bed.,22.41,0
8/5/2024,Bills,Debit Card,Hot Mrs society sing.,11.52,0
8/17/2024,Bills,Cash,Summer message current professional.,470.18,0
5/14/2024,Entertainment,UPI,My safe person.,315.93,0
8/20/2024,Entertainment,Debit Card,Production father drug.,151.83,13.49
10/1/2024,Bills,NetBanking,Live mean resource.,211.03,0
1/20/2024,Entertainment,Cash,Drop national the decision read.,99.2,5.14
5/11/2024,Groceries,Cash,Measure end require.,430.33,15.59
11/27/2024,Subscriptions,UPI,Direction possible say tree.,256.09,0
6/12/2024,Miscellaneous,NetBanking,Smile spring six.,176.76,3.38
11/4/2024,Groceries,NetBanking,Bed condition fund.,189.08,0
4/30/2024,Bills,Cash,Really board out the and program.,160.94,5.25
1/24/2024,Entertainment,UPI,Marriage billion collection throw almost.,396.57,0.96
4/29/2024,Miscellaneous,Cash,Moment simply evidence wide go or.,137.05,0.74
10/30/2024,Food,Debit Card,Serious play far ask recent local.,44.17,19.89
1/31/2024,Bills,Credit Card,Poor popular life hope travel rich.,498.42,5.2
7/22/2024,Subscriptions,Cash,Thing card woman business argue.,437.82,0
11/7/2024,Miscellaneous,Cash,Agency amount heart.,473.64,0
8/12/2024,Food,NetBanking,Need again also first everything start.,74.32,0
8/17/2024,Subscriptions,Debit Card,Large many positive inside.,400.43,0
4/28/2024,Subscriptions,UPI,New sing friend discover information when.,238.51,0
5/7/2024,Food,NetBanking,Cut say develop.,184.85,0
6/10/2024,Entertainment,NetBanking,Doctor wonder challenge foot she.,59.88,7.33
3/4/2024,Transportation,UPI,Like between benefit real.,404.63,1.15
2/19/2024,Food,UPI,Open history experience yourself imagine people.,443.85,0
9/13/2024,Miscellaneous,Debit Card,Around likely suggest add.,399.93,5.19
7/30/2024,Entertainment,NetBanking,Cause air rise matter prevent.,487.84,12.45
1/21/2024,Bills,NetBanking,Yourself west fire.,480.2,6.26
7/11/2024,Bills,Cash,Money serve them cultural ago.,218.86,13.89
11/8/2024,Food,UPI,Apply second wear.,439.59,0
12/17/2024,Miscellaneous,NetBanking,Away mother wrong investment radio thus.,407.09,2.96
5/6/2024,Groceries,NetBanking,Energy then member pull itself.,267.49,13.97
7/30/2024,Transportation,Cash,Meeting born within watch mission.,496.03,7.46
12/20/2024,Bills,Debit Card,Provide different expect know recognize.,353.43,19.71
6/25/2024,Subscriptions,Debit Card,Pm participant front support vote computer.,185.28,0
9/24/2024,Subscriptions,NetBanking,Film drop note.,486.77,15.18
2/10/2024,Subscriptions,Cash,Floor back player computer.,136.51,18.03
2/21/2024,Transportation,Credit Card,Could their production itself magazine when.,210.8,18.01
1/14/2024,Transportation,UPI,Particularly four decide Mr.,139.25,0
3/2/2024,Groceries,Debit Card,Number seem often.,323.77,0
4/30/2024,Miscellaneous,Credit Card,Ready economic kitchen administration rather.,37.53,18.06
8/9/2024,Transportation,NetBanking,Tax according environmental decade try.,307.91,0
8/7/2024,Miscellaneous,Debit Card,Structure set ask meeting development head.,339.44,0
5/25/2024,Groceries,UPI,Congress foreign into image through least.,160.72,6.43
4/24/2024,Transportation,NetBanking,Right million beautiful.,301,11.62
8/20/2024,Miscellaneous,NetBanking,Small station pretty school evening.,415.03,2.02
8/15/2024,Subscriptions,Debit Card,Civil water bit explain look.,273.82,0
3/28/2024,Subscriptions,Credit Card,Admit control above environmental better.,298.8,0
4/26/2024,Entertainment,NetBanking,Election money fund admit west image.,207.4,0
8/24/2024,Subscriptions,Debit Card,Charge reason final answer.,435.85,8.51
12/10/2024,Bills,Debit Card,Raise business participant.,123.63,18.21
11/11/2024,Transportation,UPI,Cultural campaign evening help project.,137.53,0
1/16/2024,Entertainment,UPI,End southern deal voice.,468.02,0
3/14/2024,Food,Credit Card,Treatment south play participant oil tell.,348.1,12.22
7/31/2024,Transportation,Credit Card,Dinner should rule Democrat speech product.,31.38,0
8/25/2024,Food,UPI,Word college responsibility out own.,176.57,0.52
2/12/2024,Groceries,Debit Card,Top hot charge foot.,397.6,17.01
2/10/2024,Bills,Credit Card,Relate different technology occur grow.,407.67,17.75
10/24/2024,Groceries,Cash,State relate among official.,19.65,0
1/19/2024,Groceries,Cash,Street mean left.,256.68,10.51
12/16/2024,Entertainment,UPI,Past fact nation must control population.,11.85,19.38
4/4/2024,Bills,Debit Card,Author issue raise.,431.59,0
12/12/2024,Transportation,Credit Card,Development my song space white.,246.88,0
2/7/2024,Food,Debit Card,Indicate design yourself ask.,291,5.88
1/27/2024,Miscellaneous,Cash,Store fire add.,416.96,0
10/10/2024,Transportation,UPI,Young property third.,12.44,0
2/9/2024,Miscellaneous,UPI,Education draw camera one live.,31.88,0
10/16/2024,Transportation,Credit Card,Thank pressure water.,252.23,11.59
11/18/2024,Groceries,NetBanking,Technology wait north.,246.04,6.05
12/16/2024,Food,Cash,Throw some child member.,326.63,0
3/7/2024,Subscriptions,Cash,Us modern particular.,216.63,12.92
3/19/2024,Groceries,UPI,Chair stay recent option.,56.59,0
11/14/2024,Subscriptions,Cash,Half car fly prepare become.,339.87,0
4/3/2024,Groceries,NetBanking,Camera drug possible single picture.,142.12,8.22
5/10/2024,Subscriptions,Credit Card,Religious prepare eat summer.,82.45,0
9/15/2024,Bills,Debit Card,National close reveal.,170.32,0
8/7/2024,Subscriptions,Credit Card,Same health tell cover race.,248.24,0
1/18/2024,Bills,Cash,Western think end add be color.,413.37,12.93
3/22/2024,Groceries,Credit Card,Name agency capital strong term.,477.54,0
3/20/2024,Subscriptions,NetBanking,Raise nor low ago other agent.,469.71,8.21
4/30/2024,Subscriptions,Debit Card,Leg western course.,436.38,9.5
4/15/2024,Food,Credit Card,Case only itself military.,14.52,1.13
1/15/2024,Bills,NetBanking,Goal push better himself hundred.,481.24,5.68
6/6/2024,Groceries,Credit Card,Second stay herself recently become family.,281.05,6.33
5/5/2024,Transportation,NetBanking,For forward eight develop method because.,123.43,1.17
7/3/2024,Miscellaneous,NetBanking,Stand trial party.,337.31,0
9/23/2024,Miscellaneous,NetBanking,Effort process movement quickly occur admit.,403.36,0
7/23/2024,Food,Cash,Build work can response.,146.01,8.37
12/10/2024,Entertainment,NetBanking,Sea bed truth.,230.39,0
8/7/2024,Groceries,NetBanking,Control risk site concern difference enter.,493.81,13.22
9/5/2024,Groceries,Debit Card,Tough life stay.,278.93,0
4/1/2024,Entertainment,Cash,State save large body concern.,178.07,0
9/21/2024,Bills,UPI,Trouble dinner catch ten.,433.68,6.2
5/5/2024,Entertainment,Credit Card,Form even data single political old.,255.66,1.19
9/17/2024,Bills,Cash,Benefit buy apply.,232.91,0
6/1/2024,Miscellaneous,UPI,Want win whom detail.,303.39,0
9/29/2024,Subscriptions,Credit Card,Left environment again environment.,456.49,17.4
9/11/2024,Transportation,NetBanking,Just wife color.,344.29,0
10/27/2024,Entertainment,NetBanking,Break responsibility option particularly process.,126.44,0
3/13/2024,Groceries,Cash,Suggest however quickly.,478.27,10.33
9/6/2024,Food,Debit Card,Bill whatever real.,243.26,6.51
4/12/2024,Subscriptions,Debit Card,Do state sure upon.,482.74,0
4/1/2024,Transportation,UPI,Hour deep according painting seven early.,23.98,16.68
9/4/2024,Transportation,UPI,Government south possible.,63.55,0
7/24/2024,Bills,Cash,Leave later scene peace officer say.,121.35,10.41
11/10/2024,Food,Debit Card,Scientist head policy treatment building suddenly.,233.2,7.34
1/7/2024,Miscellaneous,UPI,You ahead less instead.,286.91,0
8/29/2024,Entertainment,NetBanking,Suffer while blue mention.,425.96,0
11/3/2024,Transportation,Cash,Beat behavior worker condition admit management.,203.43,0
11/3/2024,Entertainment,NetBanking,Sit traditional hot together take involve.,319.28,0
9/28/2024,Miscellaneous,NetBanking,Evidence director cell bring.,200.92,0
2/15/2024,Miscellaneous,Debit Card,Everything floor direction necessary skin.,497.55,0
12/7/2024,Food,Credit Card,Special purpose beyond there hot.,229.3,12.4
5/13/2024,Groceries,UPI,Important sit myself.,231.43,0
11/11/2024,Groceries,Cash,Often trip fire deep century oil.,400.54,0
8/12/2024,Miscellaneous,Credit Card,Sort gas politics.,200.35,0
11/3/2024,Groceries,Cash,Every record evidence.,429.43,17.75
10/31/2024,Food,Debit Card,Seek control debate.,207.64,0
11/21/2024,Entertainment,Debit Card,Candidate line technology case.,298.24,6.5
1/19/2024,Miscellaneous,Cash,Room alone area operation citizen.,298.16,2.22
6/29/2024,Bills,Credit Card,Soon follow final take effect.,31.06,14.37
12/8/2024,Transportation,Cash,Despite despite such job successful.,142.03,18.3
6/24/2024,Food,UPI,Rock usually worker.,65.78,5.23
6/13/2024,Transportation,Credit Card,Professor available series sport will improve.,31.53,0
10/16/2024,Miscellaneous,NetBanking,Age response health.,30.65,12.39
3/27/2024,Bills,Debit Card,Goal defense woman method.,28.37,15.82
10/10/2024,Subscriptions,Credit Card,Game building unit computer.,445.98,0
3/29/2024,Transportation,Credit Card,Knowledge sing hand seat buy.,446.39,4.59
11/27/2024,Miscellaneous,Debit Card,Pull company particularly purpose.,446.07,0
5/28/2024,Groceries,UPI,Serve stage bill wrong.,439.98,1.01
10/31/2024,Transportation,Credit Card,Number event need cause involve team.,394.07,3.12
12/7/2024,Miscellaneous,UPI,Gas great better data down medical carry.,152.34,11.03
9/2/2024,Groceries,Cash,Of our must could among.,235.4,0
1/5/2024,Miscellaneous,NetBanking,Choice road building.,372.03,0
2/29/2024,Groceries,Cash,Leg particularly agency owner.,486.83,11.59
4/26/2024,Food,UPI,Activity side season interesting.,71.17,6.06
5/7/2024,Subscriptions,Debit Card,Environmental tax condition miss.,399.7,1.47
3/17/2024,Bills,NetBanking,Customer visit ever either image history.,10.72,18.89
11/15/2024,Entertainment,Cash,Write movement article.,202.13,18.03
10/20/2024,Miscellaneous,Cash,Any medical compare alone evening professional place.,349.52,0
8/16/2024,Groceries,Cash,Difference science different night if.,218.64,0
11/15/2024,Miscellaneous,NetBanking,Believe believe poor part.,64.95,0
6/26/2024,Entertainment,Credit Card,He there Mr want great.,459.65,0
9/29/2024,Entertainment,NetBanking,Series future leader sit.,55.56,0
2/29/2024,Transportation,UPI,Goal society book end.,93.45,11.21
11/17/2024,Bills,Credit Card,Common stop each good stock do.,87.42,0
3/5/2024,Food,Cash,Energy stage prevent although.,240.43,0
4/24/2024,Subscriptions,UPI,Consider upon she nation.,202.76,12.36
4/9/2024,Subscriptions,NetBanking,And word point answer.,53.01,11.69
9/27/2024,Miscellaneous,Debit Card,Mother admit white.,171.03,0
5/13/2024,Transportation,Debit Card,Animal soldier nice.,43.86,0
6/2/2024,Food,UPI,Born agency meeting still program.,92.3,10.79
4/12/2024,Miscellaneous,NetBanking,Home prove building turn.,18.83,13.53
8/5/2024,Entertainment,Credit Card,War yourself value me.,267.01,0
4/27/2024,Transportation,Debit Card,Tell Republican toward economic.,492.28,2.26
9/25/2024,Bills,UPI,Address each people him final.,155.22,2.6
1/23/2024,Food,Debit Card,Sort future position.,406.13,2.6
4/12/2024,Food,Cash,Reason Democrat deep can.,393.74,0
5/26/2024,Food,Debit Card,Skin present pay win outside.,126.46,9.81
9/22/2024,Groceries,Cash,Door enjoy under along lawyer.,102.9,6.69
3/23/2024,Entertainment,Credit Card,Space mind way.,445.61,0
7/14/2024,Entertainment,Credit Card,Side treatment authority but industry.,143.71,0
9/11/2024,Groceries,Credit Card,Per wonder economic chair.,145.49,8.92
7/27/2024,Food,Cash,Detail lose without board practice care.,35.51,5.19
2/6/2024,Subscriptions,NetBanking,Mind region down when.,83.89,0
4/5/2024,Transportation,UPI,Campaign seven evidence simply.,170.8,0
7/22/2024,Miscellaneous,Cash,Unit discuss cause performance record.,432.81,16.11
1/22/2024,Groceries,UPI,Explain year major and challenge.,233.25,0
4/22/2024,Subscriptions,Cash,Leg list accept certainly two him.,201.17,0
6/13/2024,Food,NetBanking,Of provide baby.,94.12,10.78
10/19/2024,Entertainment,Debit Card,Plan pick population.,295.75,8.02
7/5/2024,Subscriptions,Debit Card,Charge indicate thing those everybody.,21.68,0
4/29/2024,Transportation,NetBanking,Boy possible thousand.,323.43,0
1/7/2024,Bills,UPI,Late pretty direction mean.,237.28,15.34
1/30/2024,Bills,Cash,Investment top own amount.,69.82,0
7/29/2024,Bills,Debit Card,Million change own least.,311.98,0
6/29/2024,Transportation,UPI,Until under return without.,498.57,0
8/1/2024,Entertainment,Cash,Recognize positive market thousand yourself.,497.62,0
8/7/2024,Subscriptions,NetBanking,Character whole music fine matter take.,219.22,12.44
5/22/2024,Groceries,UPI,Sure then center section hot point.,433.4,1.2
9/15/2024,Miscellaneous,Debit Card,Unit happen win direction church.,35.5,14.91
2/7/2024,Groceries,Credit Card,Little budget approach cultural important specific.,164.28,0
7/27/2024,Bills,Debit Card,To seem kitchen role argue mention.,315.63,17.49
9/27/2024,Groceries,Cash,Score bring threat less.,118.57,0
6/18/2024,Groceries,Credit Card,Impact key develop position.,153.44,9
3/7/2024,Transportation,NetBanking,Five evening take push force.,463.59,19.28
6/21/2024,Food,Cash,Agreement start reveal he respond church.,194.11,0
10/6/2024,Entertainment,UPI,Language style especially.,31.95,8.7
3/3/2024,Groceries,Cash,Story mention admit.,243.11,9.08
11/7/2024,Transportation,Cash,Picture product rule however feeling half.,288.41,0
11/14/2024,Food,Credit Card,Grow rock including likely hit sell.,234.04,0
9/24/2024,Subscriptions,Debit Card,Hour carry report.,240.74,19.98
2/28/2024,Food,Debit Card,Four may when official easy seek.,40.85,12.18
8/20/2024,Transportation,Credit Card,Report professor sense store.,228.99,0
1/20/2024,Transportation,Cash,To wonder about perhaps stuff citizen.,342.54,0
8/17/2024,Subscriptions,Credit Card,Trouble free single.,377.78,0.76
12/15/2024,Subscriptions,UPI,Move put church while.,436.25,0
2/25/2024,Bills,UPI,Leg his admit fine standard item.,466.68,5.65
1/12/2024,Food,NetBanking,Single study he result.,28.1,1.63
8/9/2024,Bills,Credit Card,Alone college nor less.,162.39,0
1/2/2024,Subscriptions,UPI,Music risk product piece food every.,50.7,0
4/25/2024,Subscriptions,UPI,Industry mind size.,222.34,14.51
4/4/2024,Food,Debit Card,Good very effort there data artist.,209.32,0
4/17/2024,Groceries,NetBanking,Edge value very.,220.85,2.89
1/12/2024,Subscriptions,Credit Card,Room drop study enter stop.,484.43,0
10/23/2024,Groceries,Credit Card,Hit water leader discuss.,243.46,0
2/28/2024,Food,UPI,Show end ability return exist history.,112.09,0
4/4/2024,Food,Credit Card,Nation lose though resource.,291,0
5/7/2024,Subscriptions,Debit Card,Call ability seem.,133.25,15.39
3/15/2024,Groceries,Debit Card,Finish their all last hit.,454.56,0
8/26/2024,Subscriptions,Debit Card,Relationship trade nearly.,347.88,2.55
3/16/2024,Food,Debit Card,Front call detail middle.,158.1,7.81
9/5/2024,Miscellaneous,UPI,Throw themselves degree report heart themselves.,154.34,13.51
7/14/2024,Bills,NetBanking,Reveal send part possible special yourself.,423.97,18.67
1/22/2024,Subscriptions,UPI,Institution page peace meet always design.,332.25,0
2/13/2024,Miscellaneous,UPI,Huge consider run before government.,141.15,0
4/1/2024,Miscellaneous,NetBanking,Room letter everybody lay over.,466.03,18.4
5/22/2024,Food,Credit Card,New paper country.,272.03,0
11/3/2024,Miscellaneous,Cash,Within west station bit toward ground.,313.76,0
4/8/2024,Transportation,Cash,She actually manager.,55.78,0
8/31/2024,Bills,Debit Card,Out fast specific.,498.38,8.38
9/9/2024,Entertainment,Cash,Race guess prove report buy artist.,218.99,0
11/10/2024,Miscellaneous,Debit Card,Current measure name.,59.71,6.86
9/6/2024,Miscellaneous,Debit Card,Always thank shake drive professional.,400.63,17.34
10/7/2024,Subscriptions,Debit Card,Great oil herself Mrs.,17.5,12.19
10/14/2024,Food,Credit Card,Economy improve as thus together traditional.,423.51,0
9/25/2024,Subscriptions,Credit Card,Worry with investment former impact bring.,344.86,0
9/7/2024,Subscriptions,UPI,Maintain stuff lawyer.,122.78,12.39
4/21/2024,Miscellaneous,UPI,The establish thank staff here evening.,479.37,17.82
3/19/2024,Transportation,Cash,Produce fly teacher.,113.23,5.62
6/21/2024,Bills,Debit Card,Game health court.,275.76,0
6/20/2024,Entertainment,NetBanking,Again relate new water even.,82.39,12.92
10/6/2024,Groceries,Cash,While race military.,102.42,4.2
12/16/2024,Bills,Credit Card,Mother despite goal structure.,446.48,16.47
1/28/2024,Groceries,Credit Card,Cut certain service.,101.14,0
4/9/2024,Food,Debit Card,Party dinner cultural.,332.47,18.99
7/9/2024,Subscriptions,NetBanking,Sing road day should ten.,408.55,0
5/27/2024,Entertainment,Debit Card,Culture beyond during civil particularly according.,152.39,0
5/24/2024,Subscriptions,Debit Card,Soldier sell number program cost watch.,143.72,0
6/30/2024,Groceries,NetBanking,Some surface production why nice station.,256.26,0
10/3/2024,Bills,NetBanking,Attack trade collection.,439.74,0
9/10/2024,Bills,Cash,Next argue because hot subject.,349,18.88
11/11/2024,Entertainment,UPI,Eat fear compare.,278.84,6.57
12/2/2024,Bills,NetBanking,Space cell plan.,169.69,14.24
10/29/2024,Food,Debit Card,However wife increase.,74.4,0
1/6/2024,Bills,Credit Card,Name no particular available save doctor toward.,23.16,0
6/6/2024,Entertainment,Credit Card,Black because agency others.,178.37,0
4/13/2024,Entertainment,UPI,Kitchen know various then.,431.28,1.11
8/7/2024,Transportation,NetBanking,Have send spring film not.,108.23,7.72
10/1/2024,Miscellaneous,Debit Card,Kind hard bring fund study later.,299.98,8.1
4/16/2024,Miscellaneous,UPI,South talk woman task.,247.17,0
10/26/2024,Entertainment,NetBanking,Cover public include low according.,412.49,0.61
6/9/2024,Subscriptions,UPI,Time person TV.,324.47,0
6/11/2024,Food,Debit Card,Against budget approach stuff your quickly.,361.29,2.7
3/1/2024,Bills,Credit Card,She draw morning news executive.,45.34,5.69
10/10/2024,Miscellaneous,Cash,Role present recently interview tree might.,84.14,0
5/25/2024,Miscellaneous,Cash,Another brother new team relationship.,222.27,0
7/1/2024,Subscriptions,Credit Card,Born military talk.,285.54,0.42
9/29/2024,Subscriptions,NetBanking,Population between security coach.,499.98,0
2/6/2024,Bills,Debit Card,Arm ever behavior push study piece.,493.88,0
1/8/2024,Transportation,UPI,Traditional take only agree.,31.53,0
10/27/2024,Groceries,UPI,Almost take rate change home.,66.96,0
6/26/2024,Groceries,UPI,Economic dinner pay.,330.61,3.93
12/19/2024,Entertainment,UPI,On sea figure.,344.45,0
10/5/2024,Groceries,NetBanking,Term common attack effort newspaper.,220.51,10.24
1/3/2024,Bills,Credit Card,American year second since small name.,171,0
9/1/2024,Subscriptions,UPI,Notice mention just.,283.52,0
12/17/2024,Entertainment,Cash,At approach officer vote case anyone.,465.74,17.05
6/16/2024,Subscriptions,UPI,Floor man common.,36.17,0
10/7/2024,Groceries,NetBanking,Left job toward study increase.,162.63,17.23
3/28/2024,Food,Cash,Forget and base must raise.,387.68,0
11/13/2024,Transportation,UPI,Fire network thousand happen.,239.11,9.62
9/28/2024,Miscellaneous,UPI,Give American something expect cold.,259.17,9.58
9/12/2024,Groceries,Credit Card,Activity American character.,53.4,0
9/8/2024,Transportation,NetBanking,Police attention movement wear.,168.02,0
5/2/2024,Subscriptions,UPI,Son expert mother lead sure section.,424.39,0
11/1/2024,Food,Cash,Tell woman from.,185.89,3.75
10/4/2024,Transportation,NetBanking,Win chair quality window.,143.96,6.68
5/16/2024,Groceries,Debit Card,Be dog bit let good quite.,404.88,10.28
3/16/2024,Transportation,Debit Card,Thought trip color as teach admit.,328.38,5.84
4/18/2024,Food,Credit Card,Never kind rule responsibility.,332.13,0
12/22/2024,Bills,Cash,Over team road hotel often official.,418.49,4.88
9/5/2024,Food,Debit Card,Everybody what best wonder significant sort.,425.73,2.46
10/24/2024,Food,NetBanking,Which season threat yeah attack draw.,308.76,0
9/19/2024,Food,UPI,Purpose much clearly fish great trip.,376.19,19.92
8/12/2024,Bills,UPI,Discover whether allow understand.,28.84,16.95
8/2/2024,Entertainment,Credit Card,Send know well quality consumer.,132.25,0
11/7/2024,Transportation,NetBanking,Despite appear water group note should.,478.69,0
7/2/2024,Miscellaneous,Debit Card,Happen half seek.,158.98,4.62
6/9/2024,Bills,Credit Card,Generation side they.,119.97,0
9/5/2024,Transportation,NetBanking,Try financial special.,414.77,0
2/6/2024,Transportation,NetBanking,Natural lay instead others both spring.,303.26,0
2/8/2024,Miscellaneous,Debit Card,Anything difference organization television.,103.87,4.54
4/18/2024,Bills,Credit Card,Modern if value will do eight.,422.25,0
7/21/2024,Bills,Credit Card,Represent somebody brother charge.,418.15,0
2/4/2024,Entertainment,Debit Card,Home its bring not.,333.4,0
8/21/2024,Transportation,Cash,Organization evidence own commercial.,72.41,0
8/15/2024,Subscriptions,Credit Card,Act maybe worker hit back produce.,188.08,0
9/19/2024,Miscellaneous,NetBanking,List public test look.,311.09,8.71
8/8/2024,Groceries,UPI,Crime necessary surface camera.,376.2,0
5/17/2024,Transportation,Credit Card,Cold so identify free.,336.5,10.08
8/14/2024,Transportation,Credit Card,Her fast large.,41.31,0
3/1/2024,Groceries,Debit Card,Food figure by.,249.32,11.69
9/17/2024,Groceries,Cash,Hard economy field attack I where.,131.23,0
7/1/2024,Bills,Debit Card,Listen assume letter something visit.,209.57,0
9/13/2024,Miscellaneous,Debit Card,Ever return general ask.,130.67,13.25
9/22/2024,Subscriptions,Debit Card,Mrs fine shoulder catch type certainly.,384.11,0
5/23/2024,Subscriptions,NetBanking,Wait our she such player almost.,330.02,13.03
5/15/2024,Miscellaneous,Credit Card,Bad to clear.,382.92,0
11/15/2024,Bills,UPI,Sing back care.,207.51,0
12/20/2024,Subscriptions,Debit Card,Entire child exist expect.,171.17,0
3/25/2024,Food,NetBanking,Establish whole ability beyond somebody.,314.01,10.55
12/21/2024,Groceries,UPI,People industry use impact.,99.59,0
11/7/2024,Entertainment,Cash,Young point statement produce movie school.,267.11,14.34
7/29/2024,Groceries,Credit Card,Inside old letter book agreement.,15.24,0
9/17/2024,Bills,Credit Card,Campaign perhaps TV.,85.07,15.49
7/30/2024,Transportation,Credit Card,Old person never.,234.8,6.43
12/17/2024,Entertainment,Credit Card,Full interest claim with.,259.42,15.36
7/19/2024,Subscriptions,UPI,Continue focus response reach degree.,377.8,0
5/12/2024,Bills,NetBanking,Third husband office television beautiful.,183.32,0
6/29/2024,Transportation,Debit Card,Nice director response last.,58.72,15.34
10/10/2024,Miscellaneous,Cash,Occur town leg reduce way main.,54.53,19.26
6/27/2024,Transportation,NetBanking,Eye population kid certain run.,92.93,4.34
3/23/2024,Miscellaneous,NetBanking,High low reach for whom.,187.59,0
10/20/2024,Food,Credit Card,Less food base including democratic.,53.33,10.2
4/2/2024,Miscellaneous,UPI,Rise serve most.,475.97,1.09
1/13/2024,Miscellaneous,Cash,Get might art increase civil across.,477.12,0
11/12/2024,Miscellaneous,Credit Card,Less enjoy interview these foot.,281.61,0
9/22/2024,Transportation,Credit Card,Television relate forget score population analysis.,151.67,0
7/1/2024,Food,UPI,Say worry develop million.,283.27,0
2/17/2024,Entertainment,Cash,Trial hear line project long.,339.69,3.69
5/24/2024,Entertainment,UPI,Everyone ever experience.,297.53,9.14
9/17/2024,Bills,UPI,Focus attention drop scientist fish.,191.15,19.92
9/9/2024,Groceries,NetBanking,Attorney try exactly make wear truth.,132.91,6.75
12/11/2024,Transportation,UPI,Attorney who prevent with.,270.7,10.31
3/23/2024,Bills,NetBanking,Decision wait she performance hear.,418.84,0
3/23/2024,Food,Cash,Eight both movie each feel road.,468.62,10.22
3/6/2024,Food,Cash,Be some adult poor house phone.,280.66,0
1/7/2024,Transportation,Credit Card,Tax imagine key cold future.,485.18,6.14
10/31/2024,Entertainment,Cash,Per rock like.,448.15,0
11/8/2024,Entertainment,NetBanking,Speak off per or rich.,280.7,0
4/28/2024,Bills,NetBanking,Make resource sign hear.,342.95,0
7/23/2024,Subscriptions,Debit Card,Network assume around environment human surface.,337.83,0
5/18/2024,Food,UPI,Should defense outside building usually.,498.36,10.83
12/1/2024,Groceries,NetBanking,Play resource one finally president look.,68,0
4/25/2024,Entertainment,Cash,Third life nothing seven Mrs firm.,93.64,0
10/5/2024,Entertainment,NetBanking,New training choice condition article fine.,102.8,0
7/7/2024,Subscriptions,NetBanking,Listen strong say cell serve win.,202.25,1.63
1/29/2024,Miscellaneous,UPI,Heart small financial learn fly.,303.83,10.9
4/16/2024,Groceries,Cash,Story best fish identify yet.,72.6,0
6/20/2024,Entertainment,Credit Card,Range decision remain world.,475.52,15.35
8/13/2024,Bills,Cash,Allow hope month.,452.75,0
8/5/2024,Subscriptions,Credit Card,Car minute see.,357.32,16.49
3/3/2024,Entertainment,Credit Card,Town read bad.,42.87,2.72
10/9/2024,Subscriptions,NetBanking,Hear court amount.,137.88,17.55
12/5/2024,Miscellaneous,Credit Card,Down talk alone understand sort ball.,72.47,0
5/17/2024,Groceries,Cash,Reach safe series detail free meeting.,494.31,3.41
3/25/2024,Transportation,UPI,Yeah attorney thank tax less have.,143.57,17.62
2/26/2024,Miscellaneous,UPI,And trouble example ready.,308.43,0
12/21/2024,Transportation,Cash,Represent firm clearly recently future.,83.71,0
1/31/2024,Transportation,UPI,Art home many.,144.96,0
7/7/2024,Groceries,UPI,Take road measure kind bag.,306.28,18.51
1/28/2024,Food,Credit Card,Option son close speech.,446.18,8.96
8/28/2024,Transportation,UPI,Use should turn truth those improve.,374.58,3.35
11/6/2024,Transportation,Cash,He structure sort item.,127.5,0
2/4/2024,Food,Debit Card,Bed cover wonder stage responsibility around.,48.18,3.04
11/2/2024,Food,Credit Card,Dinner push peace.,440.94,13.14
8/19/2024,Bills,Credit Card,Rather computer public.,158.93,4.01
11/3/2024,Bills,Credit Card,Positive training drive.,371.21,13.47
4/22/2024,Bills,Credit Card,Activity radio bank throw.,447.43,0
2/29/2024,Entertainment,Debit Card,Within likely current environmental example.,445.33,2.2
8/15/2024,Subscriptions,Credit Card,Own provide direction check.,66.33,4.15
2/17/2024,Subscriptions,UPI,May between remain foot.,374.32,7.35
7/13/2024,Transportation,NetBanking,Road foot difficult director Republican exist.,256.2,14.41
6/11/2024,Food,Debit Card,Tree discover despite move.,222.54,0
4/30/2024,Bills,Credit Card,Away president either with.,169.77,4.11
11/6/2024,Subscriptions,UPI,Media series weight.,401.11,2.95
7/15/2024,Food,UPI,Professional world recognize or spend both interest.,164.81,13.07
7/24/2024,Bills,NetBanking,Fall kind southern.,456.5,0
